{"cameraMode":{"drawMode":0,"name":"Shaded","section":"Shading Mode"},"sceneLighting":false,"audioPlay":false,"sceneViewState":{"m_AlwaysRefresh":false,"showFog":true,"showSkybox":false,"showFlares":true,"showImageEffects":true,"showParticleSystems":true,"showVisualEffectGraphs":true,"m_FxEnabled":true},"in2DMode":false,"pivot":{"x":0.01978275179862976,"y":0.03641119599342346,"z":0.019275784492492677},"rotation":{"x":0.46921905875205996,"y":-0.08364660292863846,"z":0.04486369714140892,"w":0.8780142664909363},"size":0.2385750263929367,"orthographic":false}