{"cameraMode":{"drawMode":0,"name":"Shaded","section":"Shading Mode"},"sceneLighting":true,"audioPlay":false,"sceneViewState":{"m_AlwaysRefresh":false,"showFog":true,"showSkybox":true,"showFlares":true,"showImageEffects":true,"showParticleSystems":true,"showVisualEffectGraphs":true,"m_FxEnabled":true},"in2DMode":false,"pivot":{"x":4.077426910400391,"y":-2.983152389526367,"z":13.989425659179688},"rotation":{"x":-0.11431890726089478,"y":-0.14518189430236817,"z":0.016852308064699174,"w":-0.9826751947402954},"size":7.516168594360352,"orthographic":false}